date,year,month,month_name,comparison_score,tone_change,summary,prev_date
2019-02-01,2019,2,February,-0.7,more bearish,"The outlook for global oil demand has worsened, with significant declines in Saudi Arabia's oil demand and a modest growth projection for 2019. Oil supply has also decreased more sharply, with a notable drop in both OPEC and non-OPEC production. Crude oil price expectations appear to be under pressure due to these supply and demand dynamics, indicating a more bearish sentiment compared to the previous report.",2019-01-01
2019-03-01,2019,3,March,-0.7,more bearish,"The outlook for global oil demand has worsened, with a downward revision in OPEC crude demand and expectations of significant declines compared to 2018. Oil supply from both OPEC and non-OPEC sources is projected to increase, but the overall balance indicates a tighter market. Crude oil price expectations are likely to be negatively impacted by the reduced demand outlook.",2019-02-01
2019-04-01,2019,4,April,-0.6,more bearish,"The outlook for global oil demand in Report A was already showing a decline in OPEC crude demand, while Report B indicates a further decrease in OPEC production and a mixed demand outlook, particularly in the Middle East. The supply situation reflects a decrease in OPEC production, which contrasts with an increase in non-OPEC supply, suggesting a bearish sentiment. Additionally, crude oil price expectations are not explicitly stated but are implied to be under pressure due to the supply dynamics.",2019-03-01
2019-05-01,2019,5,May,-0.3,more bearish,"The outlook for global oil demand has shifted from a cautious but slightly positive growth expectation in April 2019 to a more subdued and cautious tone in May 2019, with most products experiencing negative growth. Oil supply has seen a slight decrease in both OPEC and non-OPEC contributions, indicating tightening conditions. Crude oil price expectations remain under pressure due to these demand concerns and supply dynamics, reflecting a more bearish sentiment overall.",2019-04-01
2019-06-01,2019,6,June,-0.7,more bearish,"The outlook for global oil demand has worsened, with a downward revision in OPEC crude demand and expectations for lower demand growth compared to the previous report. Oil supply remains stable but shows signs of potential oversupply, and crude oil price expectations are likely to be negatively impacted by the reduced demand forecasts.",2019-05-01
2019-07-01,2019,7,July,-0.6,more bearish,"The outlook for global oil demand has shifted negatively, with Report A indicating a decline in demand for OPEC crude, while Report B presents a more cautious view on demand growth across various regions, particularly due to economic uncertainties. Oil supply in Report B shows an increase in non-OPEC supply, but the share of OPEC crude in total production has decreased, suggesting a more competitive market. Crude oil price expectations appear to be under pressure in Report B due to weaker product markets and higher supply, contrasting with the more stable outlook in Report A.",2019-06-01
2019-08-01,2019,8,August,-0.6,more bearish,"The outlook for global oil demand has softened from July to August 2019, with a downward revision in OPEC crude demand for 2020 and expectations of declines compared to 2019 levels. Oil supply is projected to increase, particularly from non-OPEC sources, which may further pressure prices. Overall, the tone reflects concerns over demand growth and potential oversupply, leading to a more bearish sentiment on crude oil price expectations.",2019-07-01
2019-09-01,2019,9,September,-0.4,more bearish,"The outlook for global oil demand has slightly worsened, with demand for OPEC crude remaining unchanged but showing declines in several quarters compared to the previous report. Additionally, the revisions in oil supply indicate a more cautious stance, particularly with downward adjustments in non-OPEC supply forecasts. Overall, the tone reflects increased concerns about demand and supply balance, leading to a more bearish outlook on crude oil prices.",2019-08-01
2019-10-01,2019,10,October,-0.6,more bearish,"The outlook for global oil demand in Report A was relatively stable, with a slight decline in demand for OPEC crude anticipated. In contrast, Report B indicates a more cautious tone, highlighting declines in specific regions like Saudi Arabia and Iraq, and projecting only modest growth in demand for 2020. Additionally, while Report A presented a stable supply outlook, Report B noted a decrease in global oil supply and a decline in OPEC's share of total production, suggesting a tightening market. Crude oil price expectations are not explicitly stated, but the overall bearish tone in Report B implies a less optimistic price outlook compared to Report A.",2019-09-01
2019-11-01,2019,11,November,-0.6,more bearish,"The outlook for global oil demand has shifted negatively, with a forecasted decrease in demand for OPEC crude in 2020 compared to 2019. Supply from non-OPEC sources is expected to increase, while OPEC's share of global production is projected to decline. Overall, the tone reflects concerns about weaker demand and potential oversupply, leading to a bearish sentiment on crude oil prices.",2019-10-01
2019-12-01,2019,12,December,0.3,more bullish,"The December 2019 report presents a more optimistic outlook for global oil demand, particularly in the Middle East, with anticipated growth in oil consumption. In contrast, the November report indicated a decline in demand for OPEC crude. Additionally, the December report highlights an increase in global oil supply, driven by non-OPEC production, while the previous report showed a more cautious supply outlook. Crude oil price expectations appear to be stabilizing, reflecting a more positive sentiment in the December report compared to the previous month.",2019-11-01
2020-01-01,2020,1,January,-0.4,more bearish,"The outlook for global oil demand has shifted negatively, with declines noted in key markets like Saudi Arabia and Iraq, contrasting with previous expectations of growth. Oil supply remains robust, but the slight decrease in OPEC's share of global production and the overall decline in December suggest a tightening market. Crude oil price expectations appear to be tempered by these demand concerns, indicating a more cautious outlook compared to the previous report.",2019-12-01
2020-02-01,2020,2,February,-0.8,more bearish,"The outlook for global oil demand has significantly worsened due to the impact of the Coronavirus outbreak, leading to downward revisions in demand forecasts for OPEC crude. Supply expectations remain stable, but the overall sentiment is negative, particularly regarding price expectations, as demand declines are anticipated.",2020-01-01
2020-03-01,2020,3,March,-0.8,more bearish,"The outlook for global oil demand has significantly deteriorated from Report A to Report B, with demand growth revised sharply lower due to the impact of Covid-19. Oil supply dynamics show a slight increase in non-OPEC production, but OPEC's share of global production has decreased, indicating a weakening position. Crude oil price expectations are likely to be negatively affected by these developments, reflecting a more bearish sentiment overall.",2020-02-01
2020-04-01,2020,4,April,-0.9,more bearish,"The outlook for global oil demand has significantly worsened from March to April 2020, with demand projections revised sharply lower due to the impact of Covid-19. Oil supply dynamics also reflect a decline in OPEC crude demand, indicating a bearish sentiment. Crude oil price expectations are likely to follow suit, reflecting the overall negative outlook on demand and supply.",2020-03-01
2020-05-01,2020,5,May,-0.8,more bearish,"The outlook for global oil demand has significantly worsened from April to May 2020, with a notable decline in demand projections due to the impact of COVID-19. Oil supply is also expected to decrease sharply, particularly for non-OPEC producers, while OPEC's share of global production has increased. Crude oil price expectations are likely to remain under pressure due to the overall decline in demand and supply adjustments.",2020-04-01
2020-06-01,2020,6,June,-0.8,more bearish,"The outlook for global oil demand has significantly worsened from May to June 2020, with sharper declines projected in transportation fuels and overall demand due to the ongoing impact of COVID-19. Oil supply has also decreased more dramatically, with a notable drop in global production and a reduced share of OPEC in total output. Crude oil price expectations are likely to be negatively affected by these developments, reflecting a more pessimistic market sentiment.",2020-05-01
2020-07-01,2020,7,July,0.8,more bullish,"The outlook for global oil demand has significantly improved from June to July 2020, with a forecasted increase in demand for OPEC crude in 2021 compared to a decline in 2020. Oil supply is expected to stabilize, with a slight increase in non-OPEC production anticipated. Crude oil price expectations are more optimistic, reflecting a recovery in demand and supply dynamics.",2020-06-01
2020-08-01,2020,8,August,-0.4,more bearish,"The outlook for global oil demand has been revised down in Report B compared to Report A, indicating a more cautious stance. While both reports forecast an increase in demand for OPEC crude, the downward revisions in the demand figures for 1Q21 and 2Q21 in Report B suggest a less optimistic view. Additionally, the supply outlook remains stable, but the overall tone reflects concerns about demand recovery, leading to a more bearish sentiment regarding crude oil price expectations.",2020-07-01
2020-09-01,2020,9,September,-0.6,more bearish,"The outlook for global oil demand has worsened, with a significant downward revision in the demand for OPEC crude from August to September 2020. Additionally, the supply outlook remains stable but does not indicate strong growth, and the overall sentiment regarding crude oil price expectations appears to be more cautious due to the reduced demand forecasts.",2020-08-01
2020-10-01,2020,10,October,-0.6,more bearish,"The outlook for global oil demand in Report A was cautiously optimistic, projecting a significant increase in demand for OPEC crude in 2021 compared to 2020. In contrast, Report B reflects a more pessimistic view, indicating ongoing declines in oil demand for the remainder of 2020 and highlighting risks associated with COVID-19 resurgence. Additionally, while Report A suggested a recovery in supply, Report B noted a decrease in global liquids production, further contributing to a bearish sentiment. Crude oil price expectations are not explicitly mentioned, but the overall tone suggests a more cautious outlook.",2020-09-01
2020-11-01,2020,11,November,0.6,more bullish,"The outlook for global oil demand has improved from October to November 2020, with a projected increase in demand for OPEC crude in 2021, despite a downward revision. Oil supply remains stable, with non-OPEC production showing slight growth. Crude oil price expectations are more optimistic, reflecting a recovery in demand and a tighter supply balance.",2020-10-01
2020-12-01,2020,12,December,0.4,more bullish,"The outlook for global oil demand in Report B indicates a gradual recovery with expectations for a strong rebound in 2021, contrasting with the more cautious tone in Report A, which revised down demand estimates. Oil supply in Report B shows an increase in production, particularly from non-OPEC sources, while Report A presented a more static view. Crude oil price expectations appear to be more optimistic in Report B, reflecting anticipated economic recovery and increased mobility.",2020-11-01
2021-01-01,2021,1,January,0.7,more bullish,"The January 2021 report reflects a more optimistic outlook for global oil demand, indicating improvements due to successful containment measures and vaccination programs, compared to the December 2020 report, which expressed caution regarding demand recovery. Oil supply also shows slight increases, and the overall sentiment regarding crude oil prices is more positive, suggesting a recovery in economic activities.",2020-12-01
2021-02-01,2021,2,February,0.7,more bullish,"The outlook for global oil demand has improved significantly from January to February 2021, with a notable upward revision in demand for OPEC crude. Supply expectations remain stable, but the overall sentiment is more optimistic regarding demand recovery and price stability, indicating a more bullish tone in the February report.",2021-01-01
2021-03-01,2021,3,March,0.4,more bullish,"The outlook for global oil demand in Report B is more optimistic, highlighting growth from historic lows and positive economic projections, despite lingering uncertainties. Oil supply shows a slight decrease in production, but the overall sentiment remains supportive due to recovering refinery margins and demand for industrial fuels. Crude oil price expectations appear to be stabilizing, reflecting a more positive market sentiment compared to the previous report.",2021-02-01
2021-04-01,2021,4,April,0.7,more bullish,"The outlook for global oil demand has improved significantly from March to April 2021, with a notable upward revision in demand for OPEC crude. Supply dynamics also show a more optimistic view, with a slight increase in expected demand compared to previous estimates. Crude oil price expectations are likely to be more favorable due to the anticipated recovery in demand and tighter supply conditions.",2021-03-01
2021-05-01,2021,5,May,0.3,more bullish,"The outlook for global oil demand in Report B shows a more optimistic tone compared to Report A, with expectations of a demand recovery in 2Q21 despite ongoing COVID-19 risks. Oil supply in Report B indicates a slight decrease in production, but the share of OPEC in total global production has increased, suggesting a tightening market. Crude oil price expectations are not explicitly stated, but the overall positive sentiment regarding demand recovery implies a bullish outlook for prices.",2021-04-01
2021-06-01,2021,6,June,0.7,more bullish,"The outlook for global oil demand has improved significantly from May to June 2021, with expectations of higher demand for OPEC crude and overall oil demand. The supply situation remains stable, but the demand recovery is more pronounced, leading to a more optimistic tone regarding crude oil price expectations.",2021-05-01
2021-07-01,2021,7,July,0.7,more bullish,"The outlook for global oil demand has improved significantly from June to July 2021, with an increase in the expected demand for OPEC crude. Supply from both OPEC and non-OPEC sources is projected to rise, indicating a tightening market. Additionally, the overall sentiment regarding crude oil prices has shifted positively, reflecting expectations of higher demand and a more favorable supply-demand balance.",2021-06-01
2021-08-01,2021,8,August,0.6,more bullish,"The outlook for global oil demand in August 2021 shows a positive recovery trend compared to July 2021, with expectations of steady gains in demand driven by improved mobility and economic conditions. Oil supply has also increased, particularly from non-OPEC sources, indicating a more optimistic supply scenario. Crude oil price expectations are likely to be supported by these demand and supply dynamics, reflecting a more bullish sentiment in the August report.",2021-07-01
2021-09-01,2021,9,September,0.8,more bullish,"The outlook for global oil demand has improved significantly from August to September 2021, with a notable upward revision in demand for OPEC crude. Supply from both OPEC and non-OPEC sources is expected to increase, supporting a more optimistic view on crude oil prices moving forward.",2021-08-01
2021-10-01,2021,10,October,0.7,more bullish,"The outlook for global oil demand has improved significantly from September to October 2021, with expectations of continued recovery and growth driven by economic momentum and easing COVID-19 restrictions. Oil supply dynamics also show a positive trend, with increased production from non-OECD countries, particularly Russia. Crude oil price expectations are likely to be supported by tightening product balances and refinery margins, indicating a more optimistic market sentiment.",2021-09-01
2021-11-01,2021,11,November,0.7,more bullish,"The outlook for global oil demand has improved from October to November 2021, with stronger expectations for recovery driven by easing COVID-19 restrictions and increased transportation fuel demand. Oil supply has also seen a significant increase, particularly from non-OECD countries, although OPEC's share has slightly decreased. Crude oil price expectations are supported by tightening product markets and robust refining margins, indicating a more optimistic sentiment in the current report.",2021-10-01
2021-12-01,2021,12,December,0.7,more bullish,"The outlook for global oil demand has improved, with higher expectations for OPEC crude demand in 2022 compared to the previous report. Supply from both OPEC and non-OPEC sources is projected to increase, supporting a more optimistic view on crude oil prices moving forward.",2021-11-01
2022-01-01,2022,1,January,0.4,more bullish,"The outlook for global oil demand in Report B shows a recovery trend, particularly in industrial fuels and transportation, indicating a more optimistic view compared to Report A. Oil supply is also projected to increase, with non-OPEC production rising significantly, which supports a positive sentiment. Crude oil price expectations appear to be bolstered by improved refinery margins and consumption levels, suggesting a more bullish tone overall.",2021-12-01
2022-02-01,2022,2,February,0.7,more bullish,"The outlook for global oil demand has improved significantly from January to February 2022, with an upward revision in OPEC crude demand and overall world oil demand projections. Supply from both OPEC and non-OPEC sources is expected to increase, supporting a more optimistic view on crude oil prices moving forward.",2022-01-01
2022-03-01,2022,3,March,0.6,more bullish,"The outlook for global oil demand has improved in Report B, with expectations of growth driven by easing restrictions and increased mobility, compared to a more cautious tone in Report A. Oil supply is also projected to increase, particularly from non-OPEC sources, while OPEC's share of global production has slightly risen. Overall, the sentiment around crude oil prices appears more optimistic in Report B due to these positive demand and supply dynamics.",2022-02-01
2022-04-01,2022,4,April,-0.4,more bearish,"The outlook for global oil demand has been revised down in Report B compared to Report A, indicating a more cautious stance. While Report A expressed optimism about demand recovery driven by easing restrictions and economic stimulus, Report B reflects a downward adjustment in OPEC crude demand forecasts. Additionally, the supply outlook shows a slight increase in non-OPEC production, but overall, the tone suggests concerns about demand growth and market balance, leading to a more bearish sentiment regarding crude oil price expectations.",2022-03-01
2022-05-01,2022,5,May,-0.6,more bearish,"The outlook for global oil demand in Report B shows a decrease in OPEC crude demand and a decline in global liquids production, indicating a more cautious stance compared to Report A. Additionally, the geopolitical tensions and production decreases from key regions contribute to a bearish sentiment regarding crude oil price expectations.",2022-04-01
2022-06-01,2022,6,June,-0.6,more bearish,"The outlook for global oil demand has softened in Report B, with downward revisions for OPEC crude demand in the latter half of 2022 compared to the previous month. Oil supply dynamics show a slight increase in non-OPEC production, but overall supply remains tight. Crude oil price expectations appear to be under pressure due to the revised demand outlook, indicating a more cautious sentiment compared to Report A.",2022-05-01
2022-07-01,2022,7,July,0.6,more bullish,"The outlook for global oil demand in Report B is more optimistic, projecting continued growth driven by strong economic activity, while Report A presented a more cautious view with slight downward revisions. Oil supply in Report B indicates an increase in global production, particularly from non-OPEC sources, suggesting a more favorable supply situation. Crude oil price expectations appear to be supported by rising refinery margins and strong demand, indicating a bullish sentiment compared to the previous report.",2022-06-01
2022-08-01,2022,8,August,0.7,more bullish,"The outlook for global oil demand has improved, with stronger growth projections in the Middle East and overall economic activity supporting higher demand. Oil supply has also seen a notable increase, particularly from non-OPEC sources, indicating a more favorable supply situation. Crude oil price expectations appear to be more optimistic due to the robust demand growth and rising production levels.",2022-07-01
2022-09-01,2022,9,September,0.6,more bullish,"The outlook for global oil demand has improved from August to September 2022, with increased expectations for OPEC crude demand in 2023. The supply forecast remains stable, but the overall sentiment regarding demand growth is more optimistic, indicating a stronger recovery and economic activity, particularly in the Middle East. This positive shift suggests higher crude oil price expectations moving forward.",2022-08-01
2022-10-01,2022,10,October,0.6,more bullish,"The October 2022 report presents a more optimistic outlook for global oil demand, particularly in the Middle East, driven by strong economic growth and increased mobility. In contrast, the September 2022 report maintained a stable but less enthusiastic demand forecast for OPEC crude. Additionally, the October report indicates a rise in global oil supply, with non-OPEC production increasing significantly, while the September report showed a more cautious approach. Overall, the tone in the October report suggests a more favorable expectation for crude oil prices due to the anticipated demand growth.",2022-09-01
2022-11-01,2022,11,November,0.3,more bullish,"The outlook for global oil demand has improved slightly, with projections for growth remaining stable and supported by economic recovery and increased mobility. Oil supply has shown a slight increase, but the share of OPEC crude in total production has decreased, indicating a more competitive market. Crude oil price expectations are not explicitly mentioned, but the overall tone suggests a more optimistic view on demand and refining margins, reflecting a bullish sentiment.",2022-10-01
2022-12-01,2022,12,December,0.4,more bullish,"The outlook for global oil demand has improved, with projected increases in OPEC crude demand for 2023, indicating a more optimistic view compared to the previous report. While oil supply remains stable, the overall sentiment regarding crude oil prices appears more favorable, suggesting a potential for higher prices due to increased demand.",2022-11-01
2023-01-01,2023,1,January,0.4,more bullish,"The January 2023 report presents a more optimistic outlook for global oil demand, with projected growth in various regions and product categories, compared to the December 2022 report, which had a more cautious tone. Additionally, the supply outlook remains stable, and the increase in global liquids production supports a positive sentiment for crude oil prices.",2022-12-01
2023-02-01,2023,2,February,0.3,more bullish,"The outlook for global oil demand has improved slightly from January to February 2023, with projected growth in oil demand remaining steady and supported by robust economic activity, particularly in the Middle East. Oil supply has also shown an increase, with non-OPEC production rising more significantly, indicating a more favorable supply situation. Crude oil price expectations appear to be supported by strengthening refinery margins and recovering demand, suggesting a more optimistic outlook compared to the previous report.",2023-01-01
2023-03-01,2023,3,March,-0.4,more bearish,"The outlook for global oil demand has been revised down in Report B compared to Report A, indicating a more cautious stance. While Report A projected robust demand growth, Report B reflects a decrease in expected demand for OPEC crude. Additionally, the supply outlook remains stable, but the overall sentiment regarding crude oil prices appears less optimistic, suggesting a bearish shift in expectations.",2023-02-01
2023-04-01,2023,4,April,0.4,more bullish,"The April 2023 report presents a more optimistic outlook for global oil demand, particularly in the Middle East, with projected growth in various oil products. In contrast, the March 2023 report indicated a slight downward revision in demand for OPEC crude. Additionally, while oil supply remains stable, the April report highlights a decrease in global liquids production, suggesting a tightening market. Overall, the tone in April is more positive regarding demand and price expectations.",2023-03-01
2023-06-01,2023,6,June,0.6,more bullish,"The outlook for global oil demand has improved, with higher projections for OPEC crude demand in the latter half of 2023 compared to April. Oil supply dynamics show a stable OPEC production level, while non-OPEC production is expected to rise. Crude oil price expectations appear more optimistic, reflecting increased demand forecasts and a tighter supply balance.",2023-04-01
2023-07-01,2023,7,July,0.6,more bullish,"The July 2023 report presents a more optimistic outlook for global oil demand, particularly in the Middle East, with expected growth driven by economic activity and seasonal factors. In contrast, the June 2023 report maintained a more cautious tone, with only slight adjustments to demand forecasts. Additionally, the July report indicates an increase in global oil supply, particularly from non-OPEC sources, while the share of OPEC crude in total production has slightly decreased, suggesting a more competitive supply environment. Overall, the tone in July is more bullish regarding demand and supply dynamics.",2023-06-01
2023-08-01,2023,8,August,0.4,more bullish,"The August report reflects a more optimistic outlook for global oil demand, with stronger growth projections and improved economic indicators compared to the July report. While oil supply has seen a slight decrease, the overall sentiment regarding demand growth, particularly in the Middle East, suggests a more favorable market environment.",2023-07-01
2023-09-01,2023,9,September,0.3,more bullish,"The outlook for global oil demand has improved slightly, with projected growth in the Middle East remaining stable and supported by strong economic activity and air travel recovery. Oil supply dynamics show a minor increase in OPEC's share of global production, while non-OPEC supply has seen a slight decrease. Crude oil price expectations are bolstered by rising refinery margins and strong demand for middle distillates, indicating a more optimistic tone in the September report compared to August.",2023-08-01
2023-10-01,2023,10,October,-0.4,more bearish,"The October 2023 report reflects a downward revision in the demand for OPEC crude, indicating a more cautious outlook compared to the September report, which projected stronger demand growth. Additionally, while global oil supply remains stable, the overall sentiment regarding crude oil price expectations appears less optimistic, suggesting potential challenges ahead.",2023-09-01
2023-11-01,2023,11,November,0.6,more bullish,"The November 2023 report presents a more optimistic outlook for global oil demand, highlighting strong growth in the Middle East and a recovery in air travel. In contrast, the October report showed a slight downward revision in OPEC crude demand. Additionally, while oil supply remains stable, the November report indicates a modest increase in global liquids production, suggesting a balanced market. Overall, the tone is more bullish regarding demand and supply dynamics, with expectations for higher oil prices supported by increased consumption.",2023-10-01
2023-12-01,2023,12,December,0.6,more bullish,"The December 2023 report presents a more optimistic outlook for global oil demand and OPEC crude demand compared to the November report. It indicates a steady increase in demand for OPEC crude in 2024, with specific quarterly growth projections, while the November report highlighted strong demand growth primarily in the Middle East. Additionally, the December report suggests a stable supply outlook with slight increases in non-OPEC production, while the previous report noted mixed production trends. Overall, the tone reflects increased confidence in demand and price stability.",2023-11-01
2024-01-01,2024,1,January,0.6,more bullish,"The January 2024 report presents a more optimistic outlook for global oil demand, particularly in the Middle East, with expectations of sustained economic activity and growth in transportation fuels. In contrast, the December 2023 report indicated a more cautious demand forecast for OPEC crude, with mixed revisions across quarters. Additionally, while both reports noted fluctuations in oil supply, the January report highlights a decrease in global liquids production, suggesting a tighter supply environment, which could support higher crude oil prices moving forward.",2023-12-01
2024-02-01,2024,2,February,0.2,neutral,"Both reports maintain a generally positive outlook on global oil demand, with consistent forecasts for growth in the Middle East. However, the supply outlook shows a slight decrease in OPEC's share of global production, and while crude oil prices are not explicitly mentioned, the refinery margins indicate some pressure. Overall, the tone remains stable with no significant shifts in sentiment.",2024-01-01
2024-03-01,2024,3,March,-0.4,more bearish,"The outlook for global oil demand has been revised down in Report B compared to Report A, indicating a more cautious stance. While Report A projected healthy demand growth, Report B shows a decrease in expected demand for OPEC crude in 2025. Additionally, the supply outlook remains stable but reflects a slight increase in non-OPEC production, which may exert downward pressure on prices. Overall, the tone in Report B is more bearish regarding future demand and price expectations.",2024-02-01
2024-04-01,2024,4,April,0.6,more bullish,"The April 2024 report presents a more optimistic outlook for global oil demand, particularly in the Middle East, with expected growth driven by economic activity and transportation fuel demand. In contrast, the March 2024 report indicated a slight downward revision in OPEC crude demand for 2025. Additionally, the April report shows a modest increase in OPEC production, suggesting a stable supply environment, while the overall sentiment around crude oil prices appears more favorable due to the anticipated demand growth.",2024-03-01
2024-05-01,2024,5,May,0.3,more bullish,"The outlook for global oil demand has improved slightly in Report B, with a forecasted increase in demand growth for the Middle East, despite a slight decline in some product categories. Oil supply remains stable, with minor fluctuations in production levels, while crude oil price expectations appear to be more optimistic due to the overall positive demand outlook.",2024-04-01
2024-06-01,2024,6,June,0.6,more bullish,"The June 2024 report presents a more optimistic outlook for global oil demand, with steady increases projected for both 2024 and 2025. In contrast, the May 2024 report indicated a more cautious growth in demand. Additionally, the supply outlook remains stable, but the June report emphasizes a consistent demand for DoC crude, suggesting a balanced market. Crude oil price expectations appear to be more favorable in the June report, reflecting the stronger demand outlook.",2024-05-01
2024-07-01,2024,7,July,0.6,more bullish,"The July 2024 report presents a more optimistic outlook for global oil demand, driven by economic growth and infrastructure projects in the Middle East, compared to the June 2024 report, which maintained a stable demand forecast. Additionally, the July report indicates a potential increase in oil supply and refinery activity, suggesting a more favorable environment for crude oil prices moving forward.",2024-06-01
2024-08-01,2024,8,August,-0.4,more bearish,"The outlook for global oil demand has been revised down in Report B compared to Report A, indicating a less optimistic view on future demand growth. Additionally, the supply expectations for OPEC crude have been adjusted downward, suggesting potential oversupply concerns. Crude oil price expectations are likely to be tempered as a result of these revisions, reflecting a more cautious sentiment in the current report.",2024-07-01
2024-09-01,2024,9,September,0.4,more bullish,"The September 2024 report presents a more optimistic outlook for global oil demand, particularly in the Middle East, with significant growth anticipated in the second half of 2024. In contrast, the August 2024 report showed a downward revision in demand for DoC crude. Additionally, while the supply outlook remains stable, the September report suggests a positive trend in demand that could support crude oil prices, indicating a more bullish sentiment compared to the previous report.",2024-08-01
2024-10-01,2024,10,October,-0.6,more bearish,"The outlook for global oil demand has been revised down in Report B compared to Report A, indicating a less optimistic view on demand growth. Additionally, the supply expectations for OPEC crude have been adjusted downward, reflecting potential oversupply concerns. Crude oil price expectations appear to be tempered as a result of these adjustments, leading to a more cautious tone in the current report.",2024-09-01
2024-11-01,2024,11,November,0.4,more bullish,"The November 2024 report presents a more optimistic outlook for global oil demand, particularly in regions like Latin America and the Middle East, indicating growth in transportation fuel and overall economic activity. In contrast, the October 2024 report showed a slight downward revision in demand for DoC crude. Additionally, while OPEC supply remains stable, the November report suggests a more favorable environment for oil prices due to increased demand expectations.",2024-10-01
2024-12-01,2024,12,December,-0.6,more bearish,"The outlook for global oil demand has been revised down in Report B compared to Report A, indicating a less optimistic view on demand growth. Additionally, the supply expectations for OPEC crude have been adjusted downward, suggesting potential oversupply concerns. Crude oil price expectations appear to be tempered as a result of these revisions, reflecting a more cautious sentiment in the current report.",2024-11-01
2025-01-01,2025,1,January,-0.2,more bearish,"The outlook for global oil demand has been revised down slightly in Report B compared to Report A, indicating a more cautious stance. Additionally, while OPEC crude demand is expected to increase, the downward revisions suggest a less optimistic view. Oil supply remains stable, but the overall tone reflects concerns about demand growth, leading to a bearish sentiment regarding crude oil price expectations.",2024-12-01
2025-02-01,2025,2,February,0.6,more bullish,"The February 2025 report presents a more optimistic outlook for global oil demand, highlighting growth in transportation fuels and strong economic activity, compared to the January report, which showed a slight downward revision in demand for DoC crude. Additionally, the February report indicates a positive trend in oil supply and a stable environment for crude oil prices, suggesting a more favorable market sentiment.",2025-01-01
2025-03-01,2025,3,March,0.6,more bullish,"The outlook for global oil demand has improved in Report B, with higher projected demand figures for 2025 and 2026 compared to Report A. Oil supply from OPEC and non-OPEC sources appears stable, with no significant changes noted. Crude oil price expectations are likely to be more optimistic given the increased demand forecasts, indicating a more bullish sentiment in the current report.",2025-02-01
2025-04-01,2025,4,April,-0.6,more bearish,"The outlook for global oil demand in Report B shows a more cautious tone compared to Report A, with signs of declining refinery margins and a decrease in global refinery intake. While demand for DoC crude remains stable, the overall sentiment reflects concerns about supply dynamics and weaker product markets, indicating a bearish shift in crude oil price expectations.",2025-03-01
2025-05-01,2025,5,May,0.7,more bullish,"The May 2025 report shows an upward revision in global oil demand and a positive outlook for crude oil prices, indicating a stronger market sentiment compared to the April 2025 report, which presented a more cautious view on supply and demand dynamics.",2025-04-01
2025-06-01,2025,6,June,0.2,more bullish,"The June 2025 report shows a slight upward revision in both the demand for DoC crude and the forecast for 2026, indicating a more optimistic outlook compared to the May 2025 report. The overall tone reflects increased confidence in global oil demand, while supply dynamics remain stable, suggesting a balanced market that could support higher crude oil prices.",2025-05-01
2025-07-01,2025,7,July,0.7,more bullish,"The July 2025 report presents a more optimistic outlook for global oil demand, with significant growth expected in various oil products driven by economic activities and infrastructure spending. In contrast, the June 2025 report had a more cautious tone, despite upward revisions in demand. Additionally, the July report indicates a stable supply outlook with OPEC production figures showing resilience, while the crude oil price expectations appear to be supported by strong demand growth.",2025-06-01
2025-08-01,2025,8,August,0.7,more bullish,"The outlook for global oil demand has improved, with an increase in projected demand growth from 143 tb/d in July to 160 tb/d in August. Additionally, OPEC crude oil production has shown an upward trend, particularly from Saudi Arabia, indicating a more optimistic supply scenario. The recovery in refining margins and strong performance in middle distillates further support a bullish sentiment for crude oil prices.",2025-07-01
2025-09-01,2025,9,September,0.3,more bullish,"The outlook for global oil demand has improved in Report B, with a slight increase in demand projections for both 2025 and 2026 compared to Report A. Oil supply dynamics remain stable, but the overall sentiment regarding crude oil prices appears more optimistic in Report B, suggesting a stronger market balance and potential for higher prices.",2025-08-01
2025-10-01,2025,10,October,0.4,more bullish,"The October 2025 report presents a more optimistic outlook for global oil demand, particularly in the Middle East, driven by strong economic activity and increased consumption of various oil products. In contrast, the September 2025 report maintained a more stable and cautious tone regarding demand growth. Additionally, the October report indicates a slight increase in OPEC crude oil production, suggesting a more favorable supply scenario, while the price expectations appear to be supported by improved refining margins and product demand.",2025-09-01
2025-11-01,2025,11,November,0.3,more bullish,"The November 2025 report presents a more optimistic outlook for global oil demand, with a projected increase in demand growth driven by gasoline and jet fuel, compared to the October report. Oil supply from OPEC shows a slight increase, particularly from Iraq and Saudi Arabia, indicating a more favorable supply situation. Additionally, crude oil price expectations are supported by improved refining margins and geopolitical concerns, suggesting a more bullish sentiment overall.",2025-10-01
